"user_detail_name","user_detail_tags_text","text","text 2","text 3","text 4","text 5","resource_date_text","content_wrap","img src 3","img src 4","img src 5","img src 6","img src 7","img src 8","img src 9","img src 10","img src 11","img src 12","img src 13","img src 14","img src 15","img src 16","img src 17","iplocation","like_content 2","from"
"青扬兮 文旅美学","铂金贵宾","5分","超棒","景色5","趣味5","性价比5","2025-03-05 发布点评","经过一片茂盛的花木繁盛，
一只大大的洁白的鸽子，
振翅迎面飞向我，飞走了……

然后，
就到达了上海博物馆。

阳光正好的时候，
入口处两侧长廊的镂空顶，
漏下许多文物的样子，
太有感觉了。

主要看了
“寰宇东西——马可波罗眼中的中国和世界”，
大厅屋顶有点儿天似穹庐的感觉，
透着天光……

非常值得去，
这么高质量的展览都是免费的，
展览上的这些文物陈列都非常的有价值，
每件文物都诉说着那个时代的故事，
承载着一段历史的记忆。
需要一个人慢慢的细细的品。","https://dimg04.c-ctrip.com/images/1mh6z12000iwbfm1u493D_D_180_180.jpg?proc=autoorient","https://dimg04.c-ctrip.com/images/1mh5k12000iwbvfdo28D4_D_180_180.jpg?proc=autoorient","https://dimg04.c-ctrip.com/images/1mh7312000iwaoi0h018C_D_180_180.jpg?proc=autoorient","https://dimg04.c-ctrip.com/images/1mh2h12000iwbny5h39E1_D_180_180.jpg?proc=autoorient","https://dimg04.c-ctrip.com/images/1mh6q12000iwazgp45A3E_D_180_180.jpg?proc=autoorient","https://dimg04.c-ctrip.com/images/1mh3t12000iwbsw2s899C_D_180_180.jpg?proc=autoorient","https://dimg04.c-ctrip.com/images/1mh3z12000iwb7u6vC3F0_D_180_180.jpg?proc=autoorient","https://dimg04.c-ctrip.com/images/1mh6712000iwbsch7D711_D_180_180.jpg?proc=autoorient","https://dimg04.c-ctrip.com/images/1mh1a12000iwba09xF5E0_D_180_180.jpg?proc=autoorient","https://dimg04.c-ctrip.com/images/1mh5i12000iwb903r0165_D_180_180.jpg?proc=autoorient","https://dimg04.c-ctrip.com/images/1mh4n12000iwbtce0A786_D_180_180.jpg?proc=autoorient","https://dimg04.c-ctrip.com/images/1mh3p12000iwbt9vc9E1C_D_180_180.jpg?proc=autoorient","https://dimg04.c-ctrip.com/images/1mh6d12000iwbsxxz490F_D_180_180.jpg?proc=autoorient","https://dimg04.c-ctrip.com/images/1mh6s12000iwbjr86D7CC_D_180_180.jpg?proc=autoorient","https://dimg04.c-ctrip.com/images/1mh5k12000iwaqxhj15E6_D_180_180.jpg?proc=autoorient","IP属地:上海","14",""
"M52****6387","铂金贵宾","5分","超棒","景色5","趣味5","性价比5","2025-04-23 发布点评","很多木乃伊木棺！有的有极其精美的浮雕，还有各种彩绘

到后期埃及衰落之后，木乃伊木棺上就只有彩绘，没有浮雕了……而且彩绘看着也比之前粗糙了很多……

木棺内部也有彩绘！

还有很多精美的面具

有一个小号的金面具非常好看！彩绘表现了埃及华丽头饰

金面具其实是像电瓶车头盔或者摩托车头盔一样戴在头上的……

虽然图坦卡蒙的金面具不可能来，但是图坦卡蒙的雕像也超好看啊！而且买金字塔挖掘盲盒，竟然幸运的挖到了图坦卡蒙金面具！（虽然很小，但是做的很精致！是金属的！）

文创都很好看！推荐！","https://dimg04.c-ctrip.com/images/1mh1012000k0tpjmw790F_D_180_180.jpg?proc=autoorient","https://dimg04.c-ctrip.com/images/1mh3s12000k0twtuz547B_D_180_180.jpg?proc=autoorient","https://dimg04.c-ctrip.com/images/1mh3c12000k0u2i8s849F_D_180_180.jpg?proc=autoorient","https://dimg04.c-ctrip.com/images/1mh3112000k0teefa22C6_D_180_180.jpg?proc=autoorient","https://dimg04.c-ctrip.com/images/1mh5c12000k0v4ped37D6_D_180_180.jpg?proc=autoorient","https://dimg04.c-ctrip.com/images/1mh0z12000k0uzzqw1E64_D_180_180.jpg?proc=autoorient","https://dimg04.c-ctrip.com/images/1mh2112000k0tnrgc9ACB_D_180_180.jpg?proc=autoorient","https://dimg04.c-ctrip.com/images/1mh2212000k0u0rgoE5C8_D_180_180.jpg?proc=autoorient","https://dimg04.c-ctrip.com/images/1mh4s12000k0tj08qC6D7_D_180_180.jpg?proc=autoorient","https://dimg04.c-ctrip.com/images/1mh1x12000k0th6z2A8B6_D_180_180.jpg?proc=autoorient","https://dimg04.c-ctrip.com/images/1mh0z12000k0v5v6p6FCF_D_180_180.jpg?proc=autoorient","https://dimg04.c-ctrip.com/images/1mh1512000k0tuoz24068_D_180_180.jpg?proc=autoorient","https://dimg04.c-ctrip.com/images/1mh6j12000k0uo2kh342E_D_180_180.jpg?proc=autoorient","https://dimg04.c-ctrip.com/images/1mh5n12000k0u0onk5C40_D_180_180.jpg?proc=autoorient","https://dimg04.c-ctrip.com/images/1mh0p12000k0uiv3oB9EB_D_180_180.jpg?proc=autoorient","IP属地:河南","2",""
"密码2013","铂金贵宾","5分","超棒","景色5","趣味5","性价比5","2024-12-21 发布点评","金字塔之巅古埃及文明展览是上海博物馆有史以来最大规模的特展，改造启用了人民广场馆一楼的三个展厅，展陈空间达3000平方米。

展览汇集492组788件古埃及文明不同时期的珍贵文物，精选自埃及国家博物馆、卢克索博物馆、苏伊士博物馆等七家埃及重点博物馆和萨卡拉地区的最新考古发现，超过95%以上的文物为首次来到亚洲。

通过“法老的国度”“萨卡拉的秘密”“图坦卡蒙的时代”三个版块展开独立叙事。

法老的国度：以创世神话为起点，聚焦古埃及文明的地标——神庙与金字塔，探寻古埃及文明的底色，展现古埃及的宇宙观、神圣王权等，涵盖社会制度、日常生活到精神世界的方方面面。

萨卡拉的秘密：主要展出萨卡拉2018年以来的最新考古发现，如猫女神神庙遗址及猫祭司地下合葬墓穴中的完好遗存等，这里有很多的动物木乃伊。

图坦卡蒙的时代：以埃及国家博物馆的珍贵藏品为基础，从公元前1500年地中海地区进入帝国时代的背景入手，再现阿玛尔纳时期的惊天巨变，讲述埃赫纳吞宗教改革的前因后果，解读图坦卡蒙传奇的一生。","https://dimg04.c-ctrip.com/images/1mh6u12000hbncx75DD4B_D_180_180.jpg?proc=autoorient","https://dimg04.c-ctrip.com/images/1mh4b12000hbmnmb7AF09_D_180_180.jpg?proc=autoorient","https://dimg04.c-ctrip.com/images/1mh2l12000hbns9oi60CE_D_180_180.jpg?proc=autoorient","https://dimg04.c-ctrip.com/images/1mh3c12000hbn3yxu048A_D_180_180.jpg?proc=autoorient","https://dimg04.c-ctrip.com/images/1mh2u12000hbn819c25E8_D_180_180.jpg?proc=autoorient","https://dimg04.c-ctrip.com/images/1mh6212000hbnr6olE074_D_180_180.jpg?proc=autoorient","https://dimg04.c-ctrip.com/images/1mh6t12000hbnzs28EE1D_D_180_180.jpg?proc=autoorient","https://dimg04.c-ctrip.com/images/1mh1v12000hbnug6n91F0_D_180_180.jpg?proc=autoorient","https://dimg04.c-ctrip.com/images/1mh0b12000hbmndks7B05_D_180_180.jpg?proc=autoorient","https://dimg04.c-ctrip.com/images/1mh1b12000hbmpyrp95D5_D_180_180.jpg?proc=autoorient","https://dimg04.c-ctrip.com/images/1mh0312000hbngadnF31A_D_180_180.jpg?proc=autoorient","https://dimg04.c-ctrip.com/images/1mh3o12000hbngq8zF3DE_D_180_180.jpg?proc=autoorient","https://dimg04.c-ctrip.com/images/1mh0r12000hbnqsviDBFB_D_180_180.jpg?proc=autoorient","https://dimg04.c-ctrip.com/images/1mh1z12000hbmkrw02FD5_D_180_180.jpg?proc=autoorient","https://dimg04.c-ctrip.com/images/1mh5j12000hbngcpj8675_D_180_180.jpg?proc=autoorient","IP属地:黑龙江","2",""
"M52****6387","铂金贵宾","5分","超棒","景色5","趣味5","性价比5","2025-04-24 发布点评","很多猫猫神！

消失的法老VR里的猫神贝斯特也超好看！各种猫猫神文创也超好看！（如果现场卖完了可以等某宝官方旗舰店补货）

有很多猫猫木乃伊，有的猫猫木乃伊的尾巴和单独缠了一条，细细的很可爱！有的猫猫木乃伊尾巴可能是和身体缠在一起了

现在的猫猫或许正是这些埃及猫猫的后代呢！

之前有一个很棒的大河文明展，有四大文明古国的文物，其中埃及不仅有木乃伊木棺，还有埃及人称太阳船的雕塑，还有猫猫木乃伊，鱼木乃伊，鸬鹚木乃伊……鱼木乃伊还配有鱼形木棺……

还有青铜獴，各种圣甲虫，眼镜蛇，河马，朱鹭，塞特神，鳄鱼神，河马，狮身人面像，荷鲁斯（雕像有一只眼睛是损坏的），还有超萌的荷鲁斯一只！（感觉和我们的陶鹰鼎有点像）

二楼消失的法老那里有一艘大的太阳船模型，可以去看一下（然而真的船更大！）","https://dimg04.c-ctrip.com/images/1mh1b12000k1skdugD796_D_180_180.jpg?proc=autoorient","https://dimg04.c-ctrip.com/images/1mh2g12000k1tvv9iC123_D_180_180.jpg?proc=autoorient","https://dimg04.c-ctrip.com/images/1mh5k12000k1tcedn11C3_D_180_180.jpg?proc=autoorient","https://dimg04.c-ctrip.com/images/1mh6x12000k1tw06pC7DD_D_180_180.jpg?proc=autoorient","https://dimg04.c-ctrip.com/images/1mh5112000k1tutsaC808_D_180_180.jpg?proc=autoorient","https://dimg04.c-ctrip.com/images/1mh4y12000k1ufodjCC9E_D_180_180.jpg?proc=autoorient","https://dimg04.c-ctrip.com/images/1mh3a12000k1tcx841B71_D_180_180.jpg?proc=autoorient","https://dimg04.c-ctrip.com/images/1mh0t12000k1ub75319B9_D_180_180.jpg?proc=autoorient","https://dimg04.c-ctrip.com/images/1mh2q12000k1u7tyu4849_D_180_180.jpg?proc=autoorient","https://dimg04.c-ctrip.com/images/1mh6u12000k1t6xc1A2CD_D_180_180.jpg?proc=autoorient","https://dimg04.c-ctrip.com/images/1mh5w12000k1tqamlBF46_D_180_180.jpg?proc=autoorient","https://dimg04.c-ctrip.com/images/1mh4z12000k1swikzCA5C_D_180_180.jpg?proc=autoorient","https://dimg04.c-ctrip.com/images/1mh2d12000k1u2j9a006C_D_180_180.jpg?proc=autoorient","https://dimg04.c-ctrip.com/images/1mh5x12000k1t1y9s0341_D_180_180.jpg?proc=autoorient","https://dimg04.c-ctrip.com/images/1mh4k12000k1tyn6u81D1_D_180_180.jpg?proc=autoorient","IP属地:河南","1",""
"M52****6387","铂金贵宾","5分","超棒","景色5","趣味5","性价比5","2025-04-22 发布点评","上博埃及展里，除了那些经典的有代表性的大件，还有很多小文物也很有意思

比如有一尊方碑，特别美！尤其从侧面看，面容宁静安详，带着永恒的微笑，望向远方。

埃及这种方方正正的上面顶个头像的方碑，有的感觉比较局促（比如女王宠臣塞奈姆特那个怀抱公主的，可能因为没有脖子……）但是这座感觉动作比较舒展（脖颈，头发or假发，胳膊和手的线条雕得比较明显），就像曾经上课趴桌，或是树下抱膝而坐的你我……

埃及人认为朱鹭是文字的发明者，智慧的象征，冥界的书记官……朱鹭木雕非常精美，尤其尾部羽毛的纹理。

看到数千年前的各种面具和画像真的有种奇妙的感觉……数千年前的人曾生活在那里，他们的身体早已归为尘土，他们的面容却保存了下来……

（实物比照片好看太多了！似乎能感觉到目光的重量……）","https://dimg04.c-ctrip.com/images/1mh3z12000jzqhum5036A_D_180_180.jpg?proc=autoorient","https://dimg04.c-ctrip.com/images/1mh6x12000jzrw2j40F5F_D_180_180.jpg?proc=autoorient","https://dimg04.c-ctrip.com/images/1mh4s12000jzracqt5435_D_180_180.jpg?proc=autoorient","https://dimg04.c-ctrip.com/images/1mh5w12000jzrg3d947D9_D_180_180.jpg?proc=autoorient","https://dimg04.c-ctrip.com/images/1mh2412000jzqu4ed5ADF_D_180_180.jpg?proc=autoorient","https://dimg04.c-ctrip.com/images/1mh0n12000jzr3hs08C82_D_180_180.jpg?proc=autoorient","https://dimg04.c-ctrip.com/images/1mh1o12000jzru2y6710F_D_180_180.jpg?proc=autoorient","https://dimg04.c-ctrip.com/images/1mh6512000jzqaj7769C1_D_180_180.jpg?proc=autoorient","https://dimg04.c-ctrip.com/images/1mh4r12000jzqmjts2947_D_180_180.jpg?proc=autoorient","https://dimg04.c-ctrip.com/images/1mh3z12000jzrab9e68C0_D_180_180.jpg?proc=autoorient","https://dimg04.c-ctrip.com/images/1mh1j12000jzryt8w8656_D_180_180.jpg?proc=autoorient","https://dimg04.c-ctrip.com/images/1mh1812000jzqny912E89_D_180_180.jpg?proc=autoorient","https://dimg04.c-ctrip.com/images/1mh2812000jzs9w8a89AA_D_180_180.jpg?proc=autoorient","https://dimg04.c-ctrip.com/images/1mh1a12000jzqmcvmD884_D_180_180.jpg?proc=autoorient","https://dimg04.c-ctrip.com/images/1mh6n12000jzs6l6xC311_D_180_180.jpg?proc=autoorient","IP属地:河南","1",""
"托泥曾","","5分","超棒","景色5","趣味5","性价比3","2025-01-03 发布点评","前些日子在上海博物馆看了埃及大展的奇妙体验——说真的，我觉得自己好像穿越到了几千年前的文明古国，感受到了来自历史深处的神秘力量。

一进展厅，灯光柔和，气氛神秘，仿佛整个空间都被古埃及的气息笼罩着。展品超级丰富，件件都在诉说着那个时代的故事。让我印象最深的，必须是图坦卡蒙的石像。站在它面前，我感觉时光倒流了几千年。石像线条刚毅，气场无比强大，仿佛一个真正的法老在俯瞰众生。看到那双深邃的眼睛，我不由得沉思：他统治的世界会是什么样子？人们是否也曾像我们一样仰望着他，感慨王权与神权的交织？

我被一件展品深深吸引——娜芙蒂蒂王后的雕塑。即使只是半身像，那种从五千年前穿越而来的美丽依然能打动人心。她的面容精致，神态温柔但带着一丝坚韧。站在雕塑前，我简直移不开眼，脑海中不断想象着她的故事：她是法老的妻子、王国的象征，也是那个时代无与伦比的美的化身。想想五千年前的人类，竟然已经创造出了如此细腻的艺术品，真的是一件了不起的事。

这里还有让我彻底震撼的木乃伊展区！以前看木乃伊，总是在电影里或者纪录片中，这次能近距离看到实物，真的有点不敢相信自己的眼睛。这里不仅有人类的木乃伊，还有一些动物的木乃伊，比如猫、狗、甚至还有鳄鱼！工作人员介绍说，这些动物木乃伊大多是献给神灵的祭品，看着它们精美的包裹和细致的纹饰，我开始理解古埃及人对生命和来世的那种独特信仰。他们相信死亡只是另一种开始，这种信念让整个文明变得神秘又充满力量。

展厅里还有很多和日常生活相关的展品，比如工具、首饰、甚至一些当时的文书残片。让我惊讶的是，这些东西虽然已经几千年了，但有些设计和现代生活竟然还有些相似。比如一些首饰的纹路和搭配方式，现在看来依然时髦得很！

整场展览看下来，我觉得不仅仅是“涨知识”，更是一种和古代文明面对面的对话。站在那些展品前，我感觉自己不仅是一个参观者，更是一个倾听者，去聆听那个时代的故事、去感受那些跨越时间的情感和美感。

在展览快结束的时候，我又回头去看了一眼娜芙蒂蒂的雕塑，心里默默说了一句：“五千年后，我们依然被你的美和力量所震撼。”

如果你最近也在上海，一定要去博物馆看看这次的埃及大展。它不仅是一次文化的沉浸，更是一场关于生命、历史和美的深刻体验。相信我，你不会失望的！","https://dimg04.c-ctrip.com/images/1mh5k12000hka1wr3C58D_D_180_180.jpg?proc=autoorient","https://dimg04.c-ctrip.com/images/1mh4e12000hk9ug9tD234_D_180_180.jpg?proc=autoorient","https://dimg04.c-ctrip.com/images/1mh2f12000hkahqn4447E_D_180_180.jpg?proc=autoorient","https://dimg04.c-ctrip.com/images/1mh1912000hk9jj8l930E_D_180_180.jpg?proc=autoorient","https://dimg04.c-ctrip.com/images/1mh6112000hkaplfs7D29_D_180_180.jpg?proc=autoorient","https://dimg04.c-ctrip.com/images/1mh1412000hka2biu0380_D_180_180.jpg?proc=autoorient","https://dimg04.c-ctrip.com/images/1mh1112000hk97cgc28C9_D_180_180.jpg?proc=autoorient","https://dimg04.c-ctrip.com/images/1mh1812000hk9p2fvEACC_D_180_180.jpg?proc=autoorient","https://dimg04.c-ctrip.com/images/1mh1w12000hkadc6tDF98_D_180_180.jpg?proc=autoorient","https://dimg04.c-ctrip.com/images/1mh5c12000hk9j58t0D60_D_180_180.jpg?proc=autoorient","https://dimg04.c-ctrip.com/images/1mh4012000hk9zrh08270_D_180_180.jpg?proc=autoorient","https://dimg04.c-ctrip.com/images/1mh5j12000hka2gs2E326_D_180_180.jpg?proc=autoorient","https://dimg04.c-ctrip.com/images/1mh5n12000hkallcl4100_D_180_180.jpg?proc=autoorient","https://dimg04.c-ctrip.com/images/1mh2f12000hkaeba4B7C0_D_180_180.jpg?proc=autoorient","https://dimg04.c-ctrip.com/images/1mh2t12000hk9i0i35D21_D_180_180.jpg?proc=autoorient","IP属地:山东","1",""
"云石雨","铂金贵宾","5分","超棒","景色5","趣味5","性价比5","2024-12-20 发布点评","上海博物馆挺值得一看的，常常有特展！交通方便，周边有吃有玩有逛！
看完展，逛逛人民广场，蓝天白云映衬下大剧院、城市规划馆都格外漂亮！伴着音乐喷泉，你也可以翩翩起舞，跟着快乐出发！从人民广场出发，沿着南京东路步行街，可以逛到外滩，领略世界建筑博物馆的魅力；或者沿着西藏路向南，转转大世界、上海音乐厅，再去云南路美食街品品老字号！每一种选择都不错的！","https://dimg04.c-ctrip.com/images/1mh1c12000has1apo5044_D_180_180.jpg?proc=autoorient","https://dimg04.c-ctrip.com/images/1mh5w12000haryftg2405_D_180_180.jpg?proc=autoorient","https://dimg04.c-ctrip.com/images/1mh2312000harr3oc63CA_D_180_180.jpg?proc=autoorient","https://dimg04.c-ctrip.com/images/1mh0112000has4crw7530_D_180_180.jpg?proc=autoorient","https://dimg04.c-ctrip.com/images/1mh6o12000haqxahl564C_D_180_180.jpg?proc=autoorient","https://dimg04.c-ctrip.com/images/1mh0x12000has3w1dF14F_D_180_180.jpg?proc=autoorient","https://dimg04.c-ctrip.com/images/1mh4w12000harqpbmCE59_D_180_180.jpg?proc=autoorient","https://dimg04.c-ctrip.com/images/1mh0x12000has4b6i975D_D_180_180.jpg?proc=autoorient","https://dimg04.c-ctrip.com/images/1mh1012000haqne2dE649_D_180_180.jpg?proc=autoorient","https://dimg04.c-ctrip.com/images/1mh0112000has4gza74E5_D_180_180.jpg?proc=autoorient","https://dimg04.c-ctrip.com/images/1mh3r12000harnoq96D99_D_180_180.jpg?proc=autoorient","","","","","IP属地:上海","1",""
"枫原没有万叶","铂金贵宾","5分","超棒","景色5","趣味5","性价比5","2024-12-11 发布点评","上海博物馆，这座坐落于上海市黄浦区人民大道的综合性博物馆，以其丰富的馆藏文物和独特的展览形式，吸引了无数游客的目光。博物馆内藏品琳琅满目，涵盖了青铜、陶瓷、书画、雕塑等多个门类，每一件文物都承载着深厚的历史和文化内涵。
走进博物馆，仿佛穿越回历史的长河，可以近距离观赏到西周大克鼎、齐白石虾图等珍贵文物，感受古代艺术的魅力。同时，博物馆还经常举办各种临时展览，如古埃及文明大展等，让游客能够领略到不同地域、不同文化的独特魅力。
此外，博物馆的服务也非常周到，提供了电子讲解器、VR眼镜等多种辅助工具，帮助游客更好地了解展品背后的故事。无论是历史爱好者还是文化探寻者，上海博物馆都是一个不可错过的旅游胜地。","https://dimg04.c-ctrip.com/images/1mh3s12000h5cwbccA5F6_D_180_180.jpg?proc=autoorient","https://dimg04.c-ctrip.com/images/1mh5n12000h5d40klB315_D_180_180.jpg?proc=autoorient","https://dimg04.c-ctrip.com/images/1mh0u12000h5cxznt9B8C_D_180_180.jpg?proc=autoorient","https://dimg04.c-ctrip.com/images/1mh0u12000h5djnq4961B_D_180_180.jpg?proc=autoorient","","","","","","","","","","","","IP属地:江苏","3",""
"熊熊飞行官","","5分","超棒","景色5","趣味5","性价比5","2025-01-31 发布点评","上博古埃及文明大展 
🔥虽然已经对该展的热度🈶心理预期，但真正到现场还是低估了观众的热情，排队一个多小时方才进场。
✅三大展区组合:萨卡拉的㊙️密，图坦卡蒙的时代，法老的国度。实物丰富，史料翔实，脉络清晰。
✅消失的法老利用3D沉浸式体验的方式重现了古埃及文明的生活场景。
✅展览很注重互动性，文创产品非常丰富多元，从配饰，玩具🎈，书籍到定制自己的古埃及象形文姓名牌，各种方式让人印象深刻。
✅展品数量超过800件，从浩如烟海的史料中，海外实物与国内学者的理解为埃及学注入更多元的视角。这次展览是两大古老文明的碰撞💥，交流催生出新的文化灵感与火花❇️。","https://dimg04.c-ctrip.com/images/1mh4512000i7amvke933F_D_180_180.jpg?proc=autoorient","https://dimg04.c-ctrip.com/images/1mh4i12000i7c4tue0325_D_180_180.jpg?proc=autoorient","https://dimg04.c-ctrip.com/images/1mh0i12000i7bp1vvF065_D_180_180.jpg?proc=autoorient","https://dimg04.c-ctrip.com/images/1mh2512000i7ag6pzCCDB_D_180_180.jpg?proc=autoorient","https://dimg04.c-ctrip.com/images/1mh4g12000i7ajf8rE43E_D_180_180.jpg?proc=autoorient","https://dimg04.c-ctrip.com/images/1mh1e12000i7bp1vxDAF0_D_180_180.jpg?proc=autoorient","https://dimg04.c-ctrip.com/images/1mh4u12000i7avttp463D_D_180_180.jpg?proc=autoorient","https://dimg04.c-ctrip.com/images/1mh4m12000i7b0foz3833_D_180_180.jpg?proc=autoorient","","","","","","","","IP属地:海南","",""
"七游记","","5分","超棒","景色5","趣味5","性价比5","2024-12-27 发布点评","一个人逛上海博物馆埃及展6小时的精彩|||上海博物馆的金字塔展，据说是目前亚洲zui大规模，虽然没有真正人的木乃伊，(只在大英博物馆和开罗博物馆有)对于埃及脑袋来说，冲冲冲！从九点到三点马不停蹄，值！重点:是上海博物馆的人民广场馆，别跑错地方！展览截止日期2025.8.17。一抢而空的金门票确实难买，画重点，但是，买二楼博新全宇宙【消失的法老】AR套票，免门票哦！重点:金字塔有三个场馆，规划好时间！！！AR需要45分钟！！！我买的下午场AR，预约了上午场的讲解，当时早上可以提前进入博物馆，而且也提前玩了AR(具体情况而定)重点:刷身份证，出博物馆记得在咨询处领手环，馆内二楼有甜品饮料，但是没有主食。讲解方面:大咖珠子老师和coco老师的输入非常精彩，比如对太阳羽毛洋葱和猫的崇拜，欧洲贵族300年前爱吃木乃伊打成粉，拉美西斯是刻名字狂热分子，图坦卡蒙爷爷是宠妻狂魔，不仅人可以做木乃伊猫牛甚至还有圣甲虫等等！另外感受两个，文创好好过瘾，真想去埃及","https://dimg04.c-ctrip.com/images/1mh2l12000hfxpahk17EE_D_180_180.jpg?proc=autoorient","https://dimg04.c-ctrip.com/images/1mh2i12000hfylbot8D45_D_180_180.jpg?proc=autoorient","https://dimg04.c-ctrip.com/images/1mh5l12000hfybpwkC7BF_D_180_180.jpg?proc=autoorient","https://dimg04.c-ctrip.com/images/1mh4t12000hfytx4z6716_D_180_180.jpg?proc=autoorient","https://dimg04.c-ctrip.com/images/1mh0e12000hfy8qez203E_D_180_180.jpg?proc=autoorient","https://dimg04.c-ctrip.com/images/1mh6812000hfysurvCA6C_D_180_180.jpg?proc=autoorient","https://dimg04.c-ctrip.com/images/1mh5l12000hfy8ou23DE8_D_180_180.jpg?proc=autoorient","https://dimg04.c-ctrip.com/images/1mh2m12000hfy4t8j32A9_D_180_180.jpg?proc=autoorient","https://dimg04.c-ctrip.com/images/1mh6212000hfxckw12EFC_D_180_180.jpg?proc=autoorient","","","","","","","IP属地:安徽","",""
"匿名用户","黄金贵宾","1分","不佳","景色1","趣味1","性价比1","2025-04-27 发布点评","期待已久的上海博物馆埃及展，却在熙攘人潮中折损了大半体验。展厅内，导游喇叭声此起彼伏，团队游客簇拥着展品形成人墙，散客难以近身细看。体验真的很差，人超级多，而且全都是团游。本来只有一层，三个展厅。基本上就是人挤人，每个展品看介绍都要等很久，如遇没素质的人，更是会有被重重撞击。本来最爱看最期待的埃及展，真的是大大的失望。","https://dimg04.c-ctrip.com/images/0EQ5p12000k4k28xsF4EA_D_180_180.jpg?proc=autoorient","https://dimg04.c-ctrip.com/images/0EQ1212000k4lak01C7B4_D_180_180.jpg?proc=autoorient","https://dimg04.c-ctrip.com/images/0EQ2312000k4jwx13CFA8_D_180_180.jpg?proc=autoorient","https://dimg04.c-ctrip.com/images/0EQ5w12000k4jopuw903C_D_180_180.jpg?proc=autoorient","https://dimg04.c-ctrip.com/images/0EQ4c12000k4k9a16AF18_D_180_180.jpg?proc=autoorient","","","","","","","","","","","IP属地:浙江","","来自订单"
"M29****7895","黄金贵宾","1分","不佳","景色1","趣味1","性价比1","2025-04-27 发布点评","老婆非要去看 一共3个馆 都不大的 东西不多 但人是巨多 呜呜泱泱的都是人
体验感很差很差 别看网上说都多好 自己去体验一下 和节假日挤外滩的感觉差不多 玻璃展示柜前围满了人 看都看不到 绝对是花钱受罪","https://dimg04.c-ctrip.com/images/0EQ1y12000k59vq3p44F2_D_180_180.jpg?proc=autoorient","","","","","","","","","","","","","","","IP属地:上海","1","来自订单"
"匿名用户","铂金贵宾","1分","不佳","景色1","趣味1","性价比1","2025-04-20 发布点评","办得超级差，完全不考虑人流，人多到爆炸，而且场馆很热，还搞了打卡活动，没有人管理队伍，堵得别人都没办法看展品。绘彩蛋更是，明明卖票的时候就已经知道大家的购票情况了，结果绘画区只开了一点点，要画的话只能硬排，至少1小时。想找另外一个项目的地点，问携程的现场工作人员表示不知道，问博物馆工作人员也表示不知道。总而言之，就是巨烂，好好的跨年夜搞成这样。表演也很敷衍。活动效果你们倒是有了，观众体验感是完全不存在的。","https://dimg04.c-ctrip.com/images/0EQ1912000jye72yfF1A9_D_180_180.jpg?proc=autoorient","https://dimg04.c-ctrip.com/images/0EQ0m12000jyfoyrt1872_D_180_180.jpg?proc=autoorient","https://dimg04.c-ctrip.com/images/0EQ5012000jyfwzaz88B3_D_180_180.jpg?proc=autoorient","https://dimg04.c-ctrip.com/images/0EQ4112000jyff3xe61A1_D_180_180.jpg?proc=autoorient","","","","","","","","","","","","IP属地:安徽","","来自订单"
"J调de华丽","铂金贵宾","1分","不佳","景色1","趣味1","性价比1","2024-10-30 发布点评","三个月了，还是没有一个人可以笑着离开上博埃及展

埃及展开了三个多月了还是人满为患，早鸟票就是个坑今年内必须要用掉，这个已经被无数人吐槽过了，已无力吐槽，刷了个工作日9点就去了，9点15分排队入馆就已经是人山人海，全程体验感jí差！ 

很多文博爱好者都说这个埃及展远不如99年上博那次的埃及展，当然了，那次是向大英博物馆借的展品，这次是向埃及国家博物馆借的，众所周知的原因，哪个博物馆的埃及展品更精彩就不用多说了吧……

坦白讲这次上博埃及展的木乃伊还不如2022年遇见博物馆埃及展的木乃伊，那次不仅有黄金木乃伊，彩绘也更好看，那次是向英国阿伯丁大学博物馆借的。亏我开展前还给上博埃及展正了次名不能只看木乃伊也要看其他展品，轮到自己去看了，真的是打脸，笔记里所有展品均为现场手册上推荐看的文物，本人并没有故意挑丑的放，大家可以参考下是什么水准。

展品光有数量没有质量，几乎没什么重量级的展品，同类别文物太多，抱膝方雕6、7个，看得审美疲劳，以数量充出来的展还不如前段时间的波斯展精彩。","https://dimg04.c-ctrip.com/images/0EQ6812000gdzb63jF950_D_180_180.jpg?proc=autoorient","https://dimg04.c-ctrip.com/images/0EQ1r12000gdyflid5AF8_D_180_180.jpg?proc=autoorient","https://dimg04.c-ctrip.com/images/0EQ6e12000gdzc60o11D2_D_180_180.jpg?proc=autoorient","https://dimg04.c-ctrip.com/images/0EQ4712000gdzaa87A367_D_180_180.jpg?proc=autoorient","https://dimg04.c-ctrip.com/images/0EQ5612000gdzj9793244_D_180_180.jpg?proc=autoorient","https://dimg04.c-ctrip.com/images/0EQ2x12000gdzbnzy9400_D_180_180.jpg?proc=autoorient","https://dimg04.c-ctrip.com/images/0EQ6u12000gdzc01f2CB5_D_180_180.jpg?proc=autoorient","https://dimg04.c-ctrip.com/images/0EQ2u12000gdzb0li8F32_D_180_180.jpg?proc=autoorient","https://dimg04.c-ctrip.com/images/0EQ2l12000gdyo42r6902_D_180_180.jpg?proc=autoorient","","","","","","","IP属地:上海","1","来自订单"
"匿名用户","铂金贵宾","1分","不佳","景色1","趣味1","性价比1","2024-10-02 发布点评","此评价无关携程这个平台，携程没有任何问题，单纯就是吐槽上博，服务差，展出的内容少，前期做的宣传过于夸大，且不做人流管控，体验感极差","https://dimg04.c-ctrip.com/images/0EQ6o224x8wqwywpu1EAD_D_180_180.jpg?proc=autoorient","https://dimg04.c-ctrip.com/images/0EQ0e224x8wqwksenCB51_D_180_180.jpg?proc=autoorient","https://dimg04.c-ctrip.com/images/0EQ4q224x8wqvaqnz4979_D_180_180.jpg?proc=autoorient","https://dimg04.c-ctrip.com/images/0EQ1w224x8wqxdqsg2836_D_180_180.jpg?proc=autoorient","","","","","","","","","","","","IP属地:泰国","3","来自订单"
"匿名用户","","2分","一般","景色4","趣味4","性价比2","2024-10-05 发布点评","体验感太差了。希望馆方能有些措施把散客跟团队有所区别，不然团队少则几人多则十几二十人往前一占，散客根本不可能看到什么，站边上等一来不知道会等多久二来会被怀疑蹭解说；而且讲解员站的过于靠前，完全遮挡了散客的视线，有一个古埃及跟中国时间轴的地方，很多人想要具体看一下或者拍一下，可惜讲解员贴着幕布站，不给别人机会。人多也不可能一直站边上等着团队走，因为散客如果也都因为要细看某样展品而等团队的话这个地方肯定就堵的不能过了。小朋友团员扒着展柜动也不动，不知道往前慢慢挪，陪同家长就站边上也不疏导。展品是很好，可惜整个环境让人失望。","https://dimg04.c-ctrip.com/images/0EQ5b12000fzw1gsz8012_D_180_180.jpg?proc=autoorient","https://dimg04.c-ctrip.com/images/0EQ5g12000fzw6aeb6BF9_D_180_180.jpg?proc=autoorient","https://dimg04.c-ctrip.com/images/0EQ1712000fzvwqy6AA98_D_180_180.jpg?proc=autoorient","","","","","","","","","","","","","IP属地:上海","2","来自订单"
"M45****7266","","1分","不佳","景色1","趣味1","性价比1","2025-01-01 发布点评","安排混乱，可玩性很低，买票说的所有纪念品都很难找，没有拿到东西，上博和携程的工作人员消息完全不互通，问人也找不到，稍微围一点人，一楼什么活动也看不到，体验感非常糟糕，很有一种雷声大雨点小的感觉，唯一好处就是看到了埃及展","https://dimg04.c-ctrip.com/images/0EQ1m12000hir0pu5812B_D_180_180.jpg?proc=autoorient","","","","","","","","","","","","","","","IP属地:上海","","来自订单"
"210****276","铂金贵宾","1分","不佳","景色1","趣味1","性价比1","2025-02-11 发布点评","太差了 每个展品前都有一群野讲解带着一群群人 很久一动不动 极度影响其他游客参观 官方任由这种情况不好好管理 是去过境内外最差的博物馆 没有之一","https://dimg04.c-ctrip.com/images/0EQ1812000igddmszEAE0_D_180_180.png?proc=autoorient","","","","","","","","","","","","","","","IP属地:上海","","来自订单"
"嘟嘟是个贪吃猫","钻石贵宾","2分","一般","景色3","趣味2","性价比2","2025-01-11 发布点评","进入博物馆，一堆人拉生意，各种有偿讲解，还主动贴身兜售讲解。这还是上海博物馆？这样的环境，主办方和展商把展览弄得太商业了吧？对于埃及文物，很多彩色木制品，色彩鲜艳，标牌上是写公元前2000-3000年，能保存的那么艳丽…不易","https://dimg04.c-ctrip.com/images/0EQ2i12000hq1v5sl84B5_D_180_180.jpg?proc=autoorient","https://dimg04.c-ctrip.com/images/0EQ5e12000hq2161r06ED_D_180_180.jpg?proc=autoorient","","","","","","","","","","","","","","IP属地:广西","","来自订单"
"xblc","铂金贵宾","2分","一般","景色1","趣味3","性价比2","2024-12-04 发布点评","上海博物馆这几年开始变得心浮气躁了，注重赚钱和自我宣传，还没有两个区级博物馆办得好。上海博物馆是国有博物馆，不是民营博物馆，国家是有财政拨款的，但是现在开始收费办展了，且收得还不便宜。问题是收了费服务还跟不上，观展环境还是那么乱糟糟，体验度极差。尤其是导游带着一拨拨观众讲解，将展品围得水泄不通，散客根本无法好好看展，要么硬挤进去拍个照片回家去看，要么直接跳过。而且导游很多，还有在大厅里向我们兜售讲解的闲杂人员，博物馆也没有人管。展品也一般般，雷同的多。","https://dimg04.c-ctrip.com/images/0EQ1z12000h109had529F_D_180_180.jpg?proc=autoorient","https://dimg04.c-ctrip.com/images/0EQ1m12000h109vxiC419_D_180_180.jpg?proc=autoorient","https://dimg04.c-ctrip.com/images/0EQ5s12000h10i38g6E01_D_180_180.jpg?proc=autoorient","","","","","","","","","","","","","IP属地:上海","","来自订单"